0,"@kisluvkis oh that is very sad, poor boy. "
0,"2morw  I get my blasted wisdom teeth pulled! Need sleep...cnt stop worryng, I hate needles "
0,http://twitpic.com/2y7bg - This is Ashley from Kick's afternoon show. He's not impressed with the Twitter 
0,"mmmm chocolate cupcake.... This is all Lorraine Kelly's fault you know, her and her cakestand full of cupcakes.. I'm getting hooked "
0,why the hell is it snowing 
0,"I can't believe that it's cold outside and it's April!  It's Spring, but I had a hot winter, so now I'm going to have a cold Spring. "
0,@explosionofnick im soo bored 
0,there woz summin rng with tht cream egg 
0,Just landed. My ears hurt 
0,Its Another Rainboot day 
0,god its a gloomy rainy day 
0,"@g33kgurrl aaw, aren't they great? We have two silly cats and our little pooch, Daphne, who is smaller than both cats. The cats are huge "
0,doesn't want to go to work 
0,@markygk if they are i think my mum helped me she suggested Jude Law and A Semester Abroad? i dunno though that seems a little strange 
0,"Dinner was just ok.  Had the mussels as an appetizer, followed by the chicken stew. The &quot;stew&quot; was like a pot pie and WAY too creamy. "
0,good night and it's still only day four 
0,dont know what this is 
0,@liamyoung hehe yeah I failed tho wasn't prepared at all  ducked it up only did a mile :s how are you I need to text you more I thinks xx
0,@StefaniRockstar I am also 
0,I threw my sign at donnie and he bent over to get it but it was under a thingee so he made a sad face at me 
0,Bwurk... need to work on a presentation although the beautiful weather today 
0,@MariahCarey I'm so bad at ntt  but I luv u
0,I rather think what i just did could be construed as drink driving.  No driving now for a least 5 hours.
0,I was on a cottage with friends in the mountains. Now I feel a bit dizzy 
0,why do i have to go back to school tomorrow?? 
0,On a time out... 
0,I'm sad I won't get to see my shadow and gloss on my bday! Blush and lipstick? AWESOME but incomplete 
0,Gathering up my signs and flyers and going to do an Open House for one of my listings.  Too bad it's raining. . . 
0,homeee . great I have play practice every day thiss weeek 
0,Nooooooooooooooo!!!!!! School today. But the worst part is that I wont be able to tweet troughout the day 
0,spice girl extravaganza....wish i had someone to enjoy it with 
0,Man its so HOT in mumbai ! 
0,back to school  NNNNNNOOOOOOOOOO!!!!!!!
0,The weather was great while it lasted! Back to the rain and cold. 
0,@smokedrinkdrive I really hope you dont drink and drive 
0,@lilyroseallen arrrhghhhh my fav woman is so close but cant communicate 
0,"Still not liking Twitter... not nearly like I do Facebook. And, I still can't figure out how to get the icon for it on my BlackBerry "
0,can't sleep; heartburn sucks 
0,I hate getting up early  And i hope the sun comes out today! I need a recharge!
0,allergies or insomnia? Doesn't matter the reason 
0,Good Day friends -another rainy day here in NJ w/an added bit of fog   No playing outside again today will make the most of being inside
0,I just joined twitter but I have no friends.  So sad.  
0,cant believe ive woken up this early on my day off 
0,"@pizzametsalami warm Bavaria  The fridge couldnt keep up. Great evening but shitty beer. My head says 'round, round, baby round round' atm"
0,about 8ish hours left in burlington and I'm crying already.  #btv
0,"really, roommate, really? The walls are paper thin, and all your friends are idiots and jack asses, please tell them all to leave. Ugh. "
0,On my way to Twickenham for Army vs Navy rugby match....... Stuck on the M25 though 
0,@whedonesque Sweet! Wish I was going. 
0,i just jacked up this umbrella cake 
0,"@acidflask @dorothyho My registered address is in Tanjong Pagar constituency so still unable to vote!  Have NEVER voted in SG, only in HK"
0,annie_silly same silly.. thats y i got tissues and a wet patch on me hoodie. -holds out hand for a free hug- Free hugs anyonre ? 
0,"@motoxo insulate EVERYTHING. Helps energy conservation, cuts down on noise....one thing I miss in my house. "
0,I burnt the roof off my mouth with mashed potato earlier....i now have a big blister there. Whats best...Bonjela or something..ouch!! 
0,"need a new phone  okay, maybe want.."
0,"Just made an accoung on a Paintchat called Ratemydrawings, without even knowing what its like I'm so smart "
0,"@mattwalton I tried it, I think I keep getting bots "
0,@digitalm1ckey AWWW it didnt get tweeted to me in time so my settings cut it off ! but awe tonight was a fail.  thanks tho!
0,Not feeling so good today!  Please pray for me! Thank you!
0,I'm breaking out. 
0,"@Zokathepuppy Yeah it is! But it's annoying, the audio in the monologue part is suspended!! "
0,@Liz_Hatch What's the question? Image is too hard to see from my BB 
0,@ayeashleigh you sat and laughed at me 
0,Doesn't know what to do 
0,@mileycyrus I am rediculously jealous. Revision is my agenda for next 2 months! 
0,@CHRIS_Daughtry Oh no!  So sad. 
0,"I hate it when the teashop is closed!   Long week was long, uuugh."
0,"@marielmilo it`s adam, the older one.  when he said it he cried. )))):"
0,well I THOUGHT I was going to bed but I'm no longer sleepy. krud 
0,@mariancall buy it and bring it up here I would love a turtle! had one and had to give it away 
0,"Its 2 AM, cnt sleep! Been a LONG...gonna make a even longer MoNdAy  don't wanna go 2 wrk but gotta get tht $$!!"
0,"watching 20/20,can't believe wellington health care system 4 kids wit cancer, so sad  shldn't b like that, we're not a 3rd wrld county."
0,Why is being at my dads so awkward? There's all there rich people talking about fancy holidays and business. I want to go home 
0,"Dammit... Go:Audio on tour again this year, and guess when? October of course!  Uni is more trouble than its worth..."
0,wishing i was in LA right now. also trying to fit a new song in before i head off to bed. it's not going too great 
0,just found out about david cook's brother. My prayers are with david and his family 
0,"@crystal Twitter replies past the first page are BROKEN for days, I click &quot;More&quot; and nothing happens. Not on Known Issues, help please? "
0,"Yao is out for the rest of the playoffs... ??, ??????? ??? ? "
0,@xlovexaholicx am not. last time i checked im the definition of koolness LOL jk.. yeah T__Tso mean 
0,I hate car washing 
0,Celiac.com Update: Another Intolerance Discovered  http://twurl.nl/6rdl4x
0,"@RHCP_Universe its just so wierd seeing Ronnie Wood up there instead of JF, i know its a charity thing and that but still "
0,@ytvp Lucky u. I had to head out to work in the rain 
0,"@vickysharinee yeah, stupid parents made us live in victoria and were away from all the cool stuff going on in aus. "
0,"@eyalshahar ??? ?? ????, ??? ??? ?? ?? ??? ?????... "
0,Omg... I totally just killed the first bird with my car on 420 and chester pike 
0,i woke up!!!  time for bball tournie!
0,"Another sunny day that I should be at the beach for, but I have tons of home work still "
0,http://twitpic.com/4x5yp - my kitty cat that got eaten by the cyote (hope i spelled it right)! 
0,its mothers day.  hopefully i wont remember later what today is.
0,Unpacking from Arlington trip. Packing for this week's  leadership retreat. I'm not going to be home much this summer. 
0,trying to find a picture to put up on my twitter but can't find one 
0,Going to sleep! Loving someone who will never know or care 
0,DENVER SHAME SHAME 
0,@justlikeanovel Lunch time and you dont pick up your phone 
0,Wow I have to wake up hella early tomorrow. 
0,"@piaguanio from my initial search, it appears that David Cook doesn't have a Twitter account "
0,@jesse_la she's upset that I came home and didn't clean. My head was pounding! I couldn't do anything like that! 
0,Future of the Left play Brighton tonight! Slackers tomorrow! Thinking I'm going to miss both 
0,@JosieHobo I WOULD SOOOOO BE THERE IF I DIDN'T HAVE REVISION TO DO 
0,Had to bail on a 16 miler after 6. Thinks he is getting tendinitis in his calves. 
0,Last day of face it. Sad 
0,"Kind of down today, not sure why.  "
0,@dougiemcfly Omg! i wish i came  You Must do a signing in leicester or somewhere near Please! Awesome starbucks! XD
0,still recovering from the grey goose shots with @MK6121 last night! 
0,@JL1213 but he loves u so much 
0,hot rain cloud hot again and again. I play a bad match  #tennis
0,@BrianMcnugget oh that video is not available in our country- an error from youtube!  
0,sometimes studying wont work without thinking your purpose... 
0,I dont feel too well 
0,@Crichton_Kicks not properly yet 
0,Is soooo rough 2day 
0,i have gone through 3 of the 5 films today. i hate being poorly 
0,could of gone to the wings game but i have to work  Grr for having to pay for school.
0,"Yay! Got some new Wii games, but why oh why can't I get Guitar Hero World Tour in HK?!!? Boo .. urns. "
0," cant afford to see Angels and Demons, so i watched it for free: http://tr.im/lvBu"
0,@sofiesunshine cause ill get all upset and miss them LMFAO 
0,i just seen a fat pug on tv.... 
0,DAMNIT!! got outbid on Ebay on the last second 
0,enjoyed the rest of her evening! Sad day for going to work at the YMCA tomorrow 
0,my hands still feel gross from the oily sunscreen bleh  I miss brian already
0,@Sapnene I dont have an acct there &amp; it loads slow. @reszzpati Yes.  *feels guilty* I just really wanna see his tummy... *bats eyelashes*
0,@ceannieboy I'm so sorry bunny. Mine is ramping up just now too  (((hugs)))
0,Gah... I'm so sick of being sick. I just want to cry 
0,"@1Dee2 Oh, I will Tweet during the day, but come 17.30 that will be it for the day  I will be suffering withdrawal symptoms!"
0,@bambitron OMG I'M GOING TO DUBBO IN TWO MONTHS  it's such a shithole
0,http://twitpic.com/5f50u - She's a sad poser 
0,it's bored holiday 
0,Three hours of sleep = not enough to be friendly. TB test this morning 
0,"Monday Monday, back to work "
0,@taylorswift13 I can't get your tweets  What's the big problem here? Is it twitter or is it me?
0,/yawn too early 
0,Working on site today... It's very very cold in this office 
0,"I'm working on civil law, and that pretty much sucks "
0,Battery is dieing w/o charger 
0,"On the late late train now to work, scared an old lady on my way, need tea/sleep but i've got to go straight to london after work "
0,Having a bad end to a bad week ... Never going to be a great coder at this rate  #nevergonnamounttanuthin http://bit.ly/hAKn2
0,@androidtomato NO magazine yet  No Caleb for me to lick. 
0,I'm out like Nicole Erickson's pro Basketball career 
0,hates throwing up more than anything in the entire world.  #fb
0,http://twitpic.com/5oood - Anytime kid. lol Wife prefers a monkey 
0,Going out plans scrapped. All dressed up for nothing 
0,@I0XZeroX0I  i want one! when i go to 2 fbg.. u gotta let me borrow it for the weekend LMAO! j/k well i KNOW for a fact u aint gon' sleep!
0,@lillianb sounds like you may need to get a new mac book 
0,"Michael Jackson emerges as 10,000 fans less than thrilled at cancellation tp://ow.ly/8xzE - Rant for today - THIS IS DISGRACEFUL "
0,wishing I was fishing already  My new pink pole is ready to be used!
0,@natalieavendano I wish I could but it is basically impossible for me 
0,"Its so annoying, everyone else gets to go home , relax or hang out the friends. I have to play the cello till 8pm against my will "
0,I just got the biggest urge ever to play Cap'n Crunch's Crunchling Adventure and it's nowhere to be found online 
0,Working on finishing as much as I can for heru.  Doin' this all by myself sucks.
0,@brandenroderick ... what's been keeping you busy? you're never here 
0,@wesleyadamquinn i missed the may 13th show for chitown :/ couldn't find good tickets 
0,summer just got a little worse 
0,im still SO tired 
0,I want to go home. Sneaking out of a hotel conference room is much more difficult than sneaking out of a classroom dammit! 
0,Had a great time with the Fields' and the California Rudds....gonna miss my sis and her fam 
0,@tamichynn thanks tamz im never too busy for you!  ahhhh i havent seeen you since your back!  i dnt feel the &lt;3 homefry!!  and the TAT=&lt;3
0,"@Foolofatook Argh, I'm soooo sorry I spoiled it!! "
0,@WerewolfEmbry She *is* kind of right though Embers...sometimes you *are* a butthead... 
0,How Come I Can Never Sleep Past?? Not Good 
0,got GREATscores. i'm off a while for exam yeaps. 
0,bah! bk on reception  comps aint working.....BUT the sun has got his hat on hip-hip-horay  x
0,after show at our house rocked! saying goodbye soon 
0,"@the_magician Yes, apnea, but it's not the prob. I'm on meds that might be causing this.  they help otherwise so much, don't want to stop"
0,I forgot to put on sunblock before getting in the car 
0,"@Rumpelwald : ne, muss noch 2 Woche warten "
0,webcam still wont work  evil stuffs.
0,@abhorrentbm lame. you should have said hello! 
0,Wishing I could kidnap @candrews from work 
0,"@joeymcintyre Just wondering if you are going to put &quot;One Too Many&quot; on itunes.  I hope you do, it is the only cd of yours I don't have. "
0,"@BoHeMyth: Very interested. However, low carbs for the next month means no beer for me "
0,"HEY! I didn't get my comlementary cherry flavored lip gloss this time, not cool "
0,just got home from the last day of school.  graduation tomorrow. 
0,@Bill_Nye why so quiet lately? 
0,@KrissWouldhowse I WANNA GO. 
0,"Has a bad feeling that this time next yr, her fav musical may no longer be on the West End "
0,wow 2 months since i've been on twitter... supposed to go see Maat in PA but the James is sleepin 
0,not a very good day at the house 
0,@Greek4Honeybee oh no...where did your sunshine go?    *hands you a few rays of light...will this help a bit?*   ******hugs******
0,@Bookfoolery I didn't like Sag Harbor.  #BEAtwittyparty
0,I think tom doesn't likes me 
0,@djmrillmatic i have no jacket and no umbrella and shoes on 
0,"Time to go to bed.. work in the am, not looking forward to it since its supposed to rain all day "
0,@KhloeKardashian I'm trying to listen to it on Y100.com but only music is playing  I really wanna listen
0,Dempsey is missed terribly!!  http://apps.facebook.com/dogbook/profile/view/4375193
0,@tnikolaisen for sure! I'm leaving tomorrow at 7am till monday night tho then i start work tuesday  but anything i know about ill let  ...
0,Everyone has a cool phone except for justin   http://twitpic.com/68mjl
0,@skedasticity I haave been sleepy for a while now.  
0,"@deergirl Jealous, I am staaaaaarving and I have no food in this house "
0,I am scared of the gcc compiler  
0,"@sarahdope HELLYES!  But Dad's hogging the t.v., he's watching the contender..I wanna watch Dexter "
0,OMFG!!! OH NOE IZZY IS LEAVING GREAYS ANATOMY NOOO! NO! NOOOO! WAT AM I GONNA DO NOW? THE SHOW WILL CHANGE  NOO!!!
0,my friends are curious about my dumped status........ dont know what to tell and what not to tell...... 
0,Still making coffee for two.  
0,"didnt managed to participate in morning exercise  but waited for Ms D for panadol and she said i had slight fever,so it was rest.."
0,Lady Ga Ga is done. Good but she talks a bit and appeared to be wearing no pants 
0,waiting for the rain to stop so i can get my jog in this morning 
0,@sorcha69 lol it is painful... very... i nearly cried when we left eachother...  Lol x
0,Fml! I forgot my phone charger @home! 
0,wearing my KABADUYANNE shirt because it's cold and I need my friends' hugs. 
0,"neighbor cut his grass at 9:30 last night. had all my windows open w/ a fan pulling in cool air and grass dust, so now I feel horrible "
0,"r.i.p robert now ravin in hardcore heaven  Im in shock!will always remember the times u mced 4 me,glad we got to share some happy moments"
0,"@kelvinringold Yup, they are really such a fast-talkers and know how to sugar it up. Lol, bad purchase. Car has a layer of mist on it nw "
0,"@Busymama0709 man there's a transmission leak so they said they can't fix it til Monday, and the more I drive it the worse it'll get "
0,where's the sun ? 
0,sending myself pictures through hotmail takes so long. I wish they would come up with a way to make it work faster  The uploading sucks.
0,"So, Mom, I really appreciate it when you clean my room, but then I have to reorganize everything. Not good. "
0,"@dubbayoo  Stupid pubs and their lack of veggie fare. Now I'm even more hungry, may have to raid cupboards."
0,"kristen stewart, if the tabloids never see u w/ ur bf nd always with rob, doesn't that make u a player?? I feel sry michael "
0,i want sun 
0,@skylinedreams that sucks 
0,@jamagirlbritt: I miss it too. Very much. 
0,"Long day, eaten loads of birthday cake and pizza .. tomorrow gym "
0,@AdrianKNeal Hey how bout them Lakerz  .....lol
0,I can't hang out with you guys tonight it's my sisters birthday... she's going out tonite but I have to work early tomorrow    idk
0,@HOTTVampChick hey girl! Hope u're havin a great weekend! It's real ugh here in LA today 
0,"group relief takes  no prisoners , ouch, i thought i had covered this but apparently not "
0,I miss my bed 
0,@zacwoodward MAKE A EXTREMELY HARD password and folks won't brake in your account lol it really sucks though it happened to me once 
0,....i cant take it...this game is killing me slowly 
0,"wishes she could watch ANTM on oxygen while eating moose tracks, with kelly.  sad day."
0,@gargladdy but it has WOW on it! 
0,@fairleighbored i don't have that  everyone does but me. XD
0,@creamteam   I had made a non-threatening bunny mask.  Oh well.  Damn germs.
0,@MaryAxiotis I haven't heard from u today or last night  r u ok?
0,@loveMARION OMG YOU BITCH I CANT BELIEVE YOU WERE ON FASHIONISTA! i knew you were too hot for me 
0,Thanks forres pecting my wishes 
0,@Stargate_Addict yeah... I replied to it too.... you didn;t get it? 
0,"@kdotcom uH diMplez caLLed anD waS oFf sUm I LovE u TyPe shyt anD shE goT the diALtoNe, don't taLk to whItEy. GRrr I wiSh I CoULd go Too "
0,im so damn crazy about my ex 
0,@miartr3w I didn't know I did you just didn't show up on my list anymore  i thought you'd just stopped twittering as often hahaha
0,"Would like to enjoy the sunshine, but cant cos i've gotta go to work "
0,Chrome is lagging agaaaaiin. 
0,Waiting for a bus because no trains are running 
0,"dislike changing timings, stretched programs &amp; last minute developments...usually operating on a very tight schedule. "
0,frick. just got home to discover someones broke the comp so it looks like im strictly mobile til it gets fixed 
0,Well playing with the wall o_o  i miss my baybeeh amanda i wanna see her i wanna hug her i wanna kiss her 
0,my music player is sooo stupid!! i want an ipod 
0,@gabysslave my boys got his maths exam tomorrow as well but he's really struggling to get into the revision zone! 
0,i need a job. 
0,"Realizing that as I continue juicing and eating raw foods, processed foods aren't fairing me well. "
0,@Katie_McFlyy £32 on official ticket sites but loaaaaads on ebay 
0,"  Nadal is out @ French Open ... now, to my back-up -- Go ANDY RODDICK!"
0,boehoeee no more Life and Cooking 
0,@Volkers84 i don't think i can go!!  bball is at a weird time and y the time we get back and stuff i'll have 2 shower and homework. 
0,I think that I may not be able ever to contact old school friends 
0,"had a bad day, came out off work to find no car, then got stung by a bee "
0,a want ice cream 
0,Posers need to stop real Noah is noah_cyrus why are U posing her?She is JUST 9.  It's not COOL!Come on please stop posing celebrities.
0,"@zoemazza haha funny times, that was hilarious u get to the till and ur like :O what haha. sophie still hasnt texted back "
0,fixed my bike today..   started to ride it. i then realized it had flat tires and i had no way to air em up   
0,Where's @_ole when I need him? 
0,@Spudsonfire i wanna watch the UFC with you and cuddle 
0,Had fabulous weekend in London. Saw La Clique and Oliver starring Rowan Atkinson. Don't want to go back to work tomorrow 
0,"Fucking hell, I think I am addicted to Facebook "
0,"*is sad now* i finally found a decent pic of me, but its from so long ago that i dont actually look like that anymore "
0,blah blah blah ugh so many ppl talking to me and none of them are mickey i freakin miss him 
0,@kimkardashians me toooo! 
0,"MTV awards is coming on in 15 minutes, the same time as my bedtime  Ohhh.... Wait! i can record it! Yaaayyyy "
0,@jojowiththeflow oh god that's terrible I really feel for her 
0,"@davidrankin LOL, oh, God, if only I had that option.  I'm down in Atlanta, so I gotta take what I can get.  "
0,My episode of Chopped is on the Food Network again right now.  Everytime it's on I hate canned peaches more and more 
0,"Just seen the trailer for New Moon, AMAZING, so cant wait, nearly cried "
0,@Chubbx - Gooooooood mooooooorning my love! I miss you !!! :* Long time no see 
0,Is a little sad that people are leaving.. and is looking unforward to a ridiculously busy summer 
0,I just had to call in sick to take Skorpie cat to the vet. 
0,Festival tickets are sold out! I guess we couldn't watch PCD 
0,saye sayur 
0,"@flamehair Unfortunately, no. Things got worse.  Yeah, we're hoping that the closer look by the professionals will help. Thanks."
0,SAD NEWS! An Air France aircraft has gone missing over the Atlantic Ocean  http://www.cnn.com/2009/WORLD/americas/06/01/air.france.brazil/
0,Up bright and early to study after a two hour slumber  but the sun is shining.
0,grandpa is not doing good 
0,@Smeegazzle Been poorly since Australia.  You back at work already?
0,Up early ass hell  back on my grind! Vacation official over!
0,Flight Rio Paris Air France 447 disappear with 228 people abroad all feared dead 
0,And to top it off got latest uni mark &amp; am now disappointed in myself. But not as disappointed as I am in the farcical Project X test. 
0,Rally? What rally? Mortgages giving back almost all their gains from last week. Down 91 bps. Welcome to Monday. 
0,"@teresamarie00 The update woke you up, around 2:30am? Poor dear. "
0,Monday again    I was late to work. Alarm went off @ 4:45 but I didn't get up until 5:30. I swear where does the weekend go
0,"Great, another $30b of our money down the drain to GM. "
0,@art_pollution OH MY gosh!  Wow I am so sorry!  
0,My tysons date bailed...  any takers?
0,everything seems simple if you're a child... but now everything is difficult.. making decisions.. and others... 
0,"vegetarians rule!!!! natalies eating half a cow :L:L oh dear, the poor animals  it makes me sad "
0,I have been on vacation for the past week. Back to work and the first news this morning is AF447. Shocking. 
0,"New Metal Gear on 360 has Raiden instead of Solid Snake as protagonist - teaser shown, no gameplay  --TopaZ #xboxe3"
0,@core_APPLER LOL. If I could I would! Wait can u fedex food? Coast to coast? lmao. where's my sunrise pic?!? U slackin 
0,@nfarnham good luck eating with them.    but at night forever isn't bad at all.
0,"No, I didn't leave you Jess.  I'm never gonna leave you. Just gimme a sec... I'm sorry. ily"
0,just trimmed the beard RIGHT down.  I feel so much less a man 
0,@RainbowAnne NO. They cannot ruin that song for me  Have you seen Seduff's vid to it? Gorgeous.
0,Karen O on the cover of the July issue of nylon. so good. also did not just see Beyonce at the airport 
0,"not a fan of the possibility of a missing plane. With Todays technology , it seems impossible for a plane to be &quot;missing&quot; for so long "
0,This picture is too much work 
0,@jkatherine idk... i think maybe they came out bad... 
0,@MEGhostHunters How was the meeting? So sorry again I couldn't make it. 
0,Ugh my allergies are killin me  took some medicine. Will be asleep soon...
0,@softpinklace  I can't go on the next one bc she is driving all the way to NYC  Soon though...I promise! #fiestamovement
0,@HolyPanic on the boards.....aka...Dylicious Dannie    i even apologized   ps thanks for the -hero pose- hehe
0,please help me.....im very sad right now... the girl that i in love had been taken... what i am suppose 2 do???? 
0,@SarahDos will do my best if I don't fall asleep doing stupid work first! 
0,out of txts 
0,@lsirowy I don't like this 
0,@kiwijem  work lunch today and now its holiday time!!
0,"without internet for the weekend due to havin too much fun in vegas but had nothing to twitter about anyway,but i lost followers  boo to u"
0,"@bsletten no, I'm in San Francisco, where you should be    But next time I'm out there I'll take you up on that. Congrats on the new home!"
0,Noo I have 2 get up in a second. First early morning in ages :o  lol
0,@AishaAlsayegh LOL Eeeeeeh! Bes shloon they don't take Kuwaiti credit cards  I'd have to order it through Sul6an oo that's a lil shady
0,"@SharmaineB Steve is already outta here, sorry "
0,@JesseMcCartney good luck on tour - wish i could be there.. 
0,"in library,going to study stats later ;\ OMG STATS "
0,Omg i think theres a stray puppy under the house! 
0,"i've had a small pizza for lunch, but it's bad when you cannot taste it "
0,@AlexAllTimeLow Brisbane show is sold out?! Fml  haha
0,its too nice to do thesis 
0,getting ready for work.... sad I have to leave my new little baby 
0,Oooh dear        I have smokers cough.. Hehe (probably a sign that i shoudl REALLY cut down on smoking)..
0,@remymoore we just talked to fedex. looks like the slurpee won't last the trip. lame. we thought they could do anything 
0,i am super mad about ian leaving the cab 
0,@ school so early!!!  i wish i can sleep during work... so tired rite now and sleepy
0,Awwww...Steve Wiebe I've never hated the words 'Game Over' so much in my life 
0,missing the day when i lived with me mum and dad  they always had that good full refrigerator with name brand food lol
0,@Jessicaveronica JESS grab your sister and come back to florida babe&lt;3 im missin you girls ............&lt;/3 &lt; ~~~my broken heart 
0,feeling sorry for myself as i have unbelievable stomach cramps! 
0,Is feeling a little rejected 
0,Why the hell does my picture not show up..  I sad.
0,I dreamed you tried to kill me... but even that just made me want to be in your arms... 
0,I am suddenly  very  looking at the NEXTFEST Schedule....wish I was getting ready to open a show in the festival right now too....
0,Its morning! It rained! I woke up at 05:45  Watermelon.. here I come..
0,"I really want 'Sims 3', bad. "
0,@TheRealLFO aww no west coast tour dates? 
0,Time for my morning walk to work. Hope for something fun on my way to work. Yesterday someone stolen all the tyres on a BMW. 
0,So.. I'm not gonna lie. I teared a little. Alright fine! A lot. 
0,@adeledelulio got home from shoppin my baby couldnt find anything tho  she is upset wit me now but i still love her and am happy with her
0,@designfection Это видео видел. Очень печально 
0,It wont stop thundering. Cant sleep  Better not storm tomorrow ugh.
0,"@meghornby your sad, some randomners keep following me  .. errr you can have.. i looked on my floor and suprisingly theres no food there x"
0,@Pink have a fun show  lucky Newcastle i&quot;ll be at your Sydney show jun 29th so long away 
0,@Charlieks it made me feel sick  and now i cant go to sleep lol. I shouldnt have eaten it 2 minutes before i wanted to go to sleep lol
0,@yangonthu I am lost. Please help me find a good home. 
0,@mkayes hi I am full of cough and cold 
0,"Itunes shopping Spree - whey boy. like a girl in a shoe store, i want that one. that 1 , that 1 , that 1 - how did that come 2 so much "
0,@SteveDahlShow this &quot;mr. Memory&quot; guy just mentioned you and disco dem on the radio. I miss you  radio isn't the same without you.
0,"@vanhemlock Bad luck, buddy  Now to execute my back-up plan. PAINT SOME SQUIGS!"
0,Good morning. I slept so good last night. I wish I was still in bed 
0,just drove my car to work with the 'check oil' light on...  im gonna explode!
0,@SuperWiki SPN season 4 has commentary! yes!  Hated that season 3 had no commentary. 
0,"long drive to work....here now so its time for a nap.last night was a waste of my time ,couldnt drink "
0,"@princesspooh90 Oh no what's happened  ? I made myself a nice chinese meal! I'll show u it pooh bum, i took a photo *snuggles* 143 637 xx."
0,Kate withdrawals are the worst!!! 
0,is loving #evasolo and is dreamin bout sortn out me own place ... all i need is money  http://twitpic.com/6mc8c
0,Too bad it's going to rent 
0,I think I'm gonna be sick 
0,gone..... i knew tht wud work! lol...im about to watch greek... finished hills... im so sad! 
0,"One exam left! w00t! On the negative side, I'm bloody exhaused after the maths exam. Don't think I'll be going out "
0,@PrettiGirl10  so sorry hon. i was really hoping she'd stick around.
0,The whistle! We missed the second one though. 
0,@JellyKnuckles I've got tonsillitis so not really feeling like doing much  you? xx
0,@kirika_96_ I miss you! you dont have time to talk to me anymore 
0,"seeing how others upload youtube video reviews, i sure need to improve my skills...  #learning"
0,@PlaTinUmPLusMiA haaaaa! U doing the fun parts though 
0,"Day 5: Pure foods - Drank wine with friend  bad girl, BUT was good pure foods won out. Didn't enjoy it. Felt great, went for the best run!"
0,zer  you're the one that always supplied me
0,"is mentally exhausted, tired of crying, and just wants to love her job again. "
0,@yami_mami lol me to I need to get the apple store to fix my Mac 
0,not feeling 100% today - think I'm coming down with something.... 
0,@ncrtrolo How come Rajon don't twitter? His momma don't let him? 
0,@angela_ I WISH ROCK BAND WORKED BETTER SO WE COULD ACTUALLY PLAY 
0,@typsie Ok. I am thinking about coming. But feel really guilty about having you bring me all the way home. It's soooo far 
0,"Headache is going away, but damn, I've got a pain in the back of one leg &amp; I have no idea what it is, but it really hurts.  "
0,My UBF Angela is all grown up and getting married today!!!! tear 
0,My little body is so scratched up from kitty Tegan. Oww 
0,i wish i had my phone right about now 
0,Leaving West Covina  I love you jayhundreds  @jeffmora
0,Its 30th birthday today and its raining  xx We love ya pete x
0,"owww god, drop by 1  79. buzzfeed.com"
0,@seansmithsucks bmth and gallows. aww I wish I was there 
0,drove home from heights because she felt like barfing alllll over the place  siickk belly.
0,@hideyourarms where's it gone? 
0,I really want the Sims 3 but I don't think I have enough memory in my pooter.  Lame! Need to delete stuff~~~
0,looks like my web application isn't doing well with Twitter 
0,@WendellCole where ya goin? I'm stuck @ work til 12.  http://myloc.me/2MQB
0,@jenimc  I didn't know about it... Ah well.
0,lost laly's number 
0,So tired! 
0,i cnt find my pants 
0,@MelFresh27 Ur are the best yo. She &amp; I also share 1 male tweetmat. She likes him I think. He' never on her #ff. Just me. Competition!! 
0,"is off to work in a little bit, ewwww! "
0,MOLLY... where have you been? need to speak to you! 
0,the Dairy Festival was unimpressive  http://bkite.com/08eLN
0,Hates havin a hand that hurts 
0,gettin a tat haha yay!!! upset panera got rid of the creamy tomato soup 
0,#jbyoutubesuspended try and get this trending people.. 
0,@KRose82 oh... I miss the chick 
0,@olesyarulin Heyy !how are you?!long time no see 
0,@thegreatjustin and I are chillaxing and have a movie slumber party! my last full weekend home until mid-july 
0,"@FranQuintanilla Are you studying? Aw, that sucks! "
0,"it's one thing to hit a squirrel with your car, but you need to be real unlucky to kill a bird in mid air.  "
0,@lucytheawful but then I will have no1 2 act foolish with 
0,"Right, do I see Katy Perry or The Killers if the situation is I can only see one. "
0,OW. i just kicked my wall with my poorly toe 
0,@proudmomx2 7:30 on school nights. We've tried keeping her up later to no avail. I guess it is just her nature 
0,@madlawstudent no not at all - u excellent value -ur friend prob not got hairy chest tho 
0,@rs58 the show is all sold out  would you want to go with me to another awesome show on the 12th?
0,@ginevramicol sry not payin attention 2 trending topics. damn we got cut ass from Costa Rica about an hour ago 
0,@RingLeader898 no this isnt the 1  im lookin for the 1 i wish i could f* all the girls in the world sumthin like that
0,@Preciouseyez:sorry for your loss. Feel betta  was it your sister???
0,Not in a particularly happy mood 
0,"just got home. rufff. rufff, ruff night. "
0,Tonight was awesome. Almost like old times.  
0,i want to go pet a penguin and gino won't take me to antartica  damn that child!!!! you are my biffle!!!!
0,Wow Im scared goin to seey grandma to orrow after what happened  at the same time I wanna go yet. Don't wanna go 
0,"i've been a flat out bitch since last night, i apologize.  "
0,i guess if your famous twitter is fun but im a nobody 
0,"@RayLevesque I sent two direct messages, they showed up on my sent page, then disappeared when i went to look again. I don't get it. "
0,likes the Kanto Boys' performance! (heart) kaso malungkot si JLC eh  http://plurk.com/p/z0hcn
0,@Benisu i know  I really hope they don't show that. GAWD I'm so excited for REACH. Fall of Reach is still my favorite out of all the books
0,rain rain rain .. what a weekend  no bbq now then 
0,Oh snap its 4:50am &amp; I'm still awake ahhhhhhh....... I should have never gone to sleep so early last night 
0,Waiting for my hubby. We r going to repay some quality time that has been gone fo days. And I miss him 
0,"Omg Masters cost SGD$38,000 for just 1 year of study!   "
0,Today. I totally. Have no will. To move on. Felt that my heart just. Broke. It hurts so bad.   - http://tweet.sg
0,@DontEverThink Ah... Got a way to download it? 
0,I started playing Sims 3 but realised you cant sell your children to slavery or the sex trade. Another game that doesn't reflect my life 
0,@janiceromero same thing happened to me..  it either you not use Akismet or just check your comments daily.
0,So the good news is that days &amp; days of grueling torture paid off~100 on Beowulf test...now reading Sir Gawain &amp; the Green Knight...ugh 
0,"i miss my boyf, well i hope he will get back soon frm singapre...real soon! and spend some time w/ me "
0,@mamakitten your right. i had to walk away. 
0,Is still waiting for a reply i gotta feeling i.ll be waiting a while  if at all x x
0,@tubagurlluvsyou  the dye didnt take  it's barely any different
0,Last breakfast in NOLA  but excited to reunite with @scarymike!!
0,@amyshell   belive me  x
0,@Jayyyx LMAO you having your own partay there (: enrique got a gril up onstage 
0,When is #comcast going to update this ancient digital cable menu in Carroll County and their boxes? Slow as hell too. 
0,Need to figure out why I cannot tweet from my celly...stopped working 
0,stomach crampssssssss 
0,"Wow! Ive just hit a new low, I cried during a scene in 'Brooke Knows Best'  but it was well put together &amp; very symbolic. Divorce is sad"
0,high school will never be the same now. I already miss him 
0,Dieting makes me want to stab someone. Not dieting makes ppl want to stab me with a fork. Quandary. Want to be hot again. 
0,"ngg tau @thejamicaway  . oia gw kmrn pas d wrnet mw add ms band lo mlh komp-ny lg trouble jd lgsg gw logout,blm smpt gw add "
0,it's bout to rain  I'm so tired of this weather lately
0,Laptop is still dead.  Exam week... must study.  Missing important emails being computerless too  Wanna watch primeval finale
0,@darksknbeauty oh i dont have cable here till nex week an i lovvve that show too  i jus have to watch movies on my comp.
0,@The_Monarch I SO don't know what you mean- I don't think I have any Korean cartoons or avatar shots on my site (do I?) I am so confused 
0,"My left eye is soooo itchy, can't stop rubbing it! "
0,"Ugh, sore throat. Hope dad didn't pass his fever over to me. "
0,"Got wet, stood in line, watch poor leadership, stood in line more, tried to stay dry....... Still waiting  bad Regal"
0,I miss my friends! I haven't hung out with any of them forreal in like 2 months 
0,"home now.. alittle lonely.. people think I have so much attention, and get so much love from women. but inside im dying, i need someone "
0,@pollinatewildly Awww...sorry you had a crappy day at work.    
0,"oh my god, English and math finals tomorrow. Fuuuckkkk "
0,"@skennedybooks Why, why do so many of your tweets fly in under the wire?? No chirp, no beep, no nothing...  "
0,tired of not being able to find a song 
0,Cool day I really hope tommrow happens 
0,@Shaun_R Aw too bad  Just makes you want to win #squarespace even more!
0,@lomeeytoons what shop?? Aaaw I don't know your life! So sad 
0,Wanting twitter to work on my phone again. Grr 
0,Digital transitioning gave me free porno. 
0,@Lucindariding yup :/ apparently if the pain in my side gets any worse i have to go to the doctors/hospital  fail.
0,I don't know how after all this time I'm just recently having bad birth control side effects  pink dot delivering me soup any minute now
0,"@zuccs yes, due to the fact i didnt even get to eat lunch today "
0,preparing for recitals!!! and exams!! 
0,@Vaalentia I'm fantastic dear. I've missed you though 
0,Need to spell-check before posting 
0,i wish getting famous was easy  there some good talent out there but these days it has to be up to expectations for them to get famous
0,chicken sarnie for lunch- tired today  hopefully new (crochet) post later!
0,@Sarryb1978 lets hope that they don't continue being nosy 
0,Back at a previous client for a week. Forced to used an outdated client laptop 
0,"I miss my old hairrrrrrrrrrrrrrrrrrrrrrrrrrrrrrrrrrrrrrrrr! I want it back, now!  Nowwwwwwww "
0,"sitting next to 3 guys in wheelchairs, and their all friends. "
0,"Wow, my Twitter background is gone!  I wonder where it went?  I guess I'll have to get a new one?"
0,My buddy is gone and no one to talk to 
0,"@ChristinaTard sr, my mind is so bad   ==' so... Shak you're studying in LTV? And we're friend on my school 4rum? Right?"
0,@sneakyfox You just lost seven points for that comment! I may miss the game on Wed. too 
0,"Oh man, we are already starting to get lines of people for city stickers &amp; it's not even doomsday yet! "
0,"Oh my God, I have a freezing nose "
0,I'm gonna mith @d_yell so much 
0,i hate mcdonalds!sick 
0,@botdfmusic Aw i'm sorryy  I hope it gets better &lt;3 Ily
0,2bekki_x I FEEL EXACTLY THE SAME WAY poor us 
0,@ItsTreyDay I dont care about me i'm more worried about autumn bcuz she is still a baby and her immune system isn't fully developed  *tear
0,@Sazchik Not sure about the Adam Ant thing either - or the cocktails 
0,"@mcrosby78 I know, and I would, but the video I wanted to watch wasn't in HD  And it's bigger on telly "
0,@ShirosAngel sorry  i think i am just bipolar. Never been fully diagnosed cuz i am lazy to make an appointment
0,"@Stefni127 hehe, I love the sun, but I'm never tired when it is up  apart from the morning"
0,@malloryyy Yes i am! Sorry i'm not on much anymore. i'm so busy lately  iloveyou
0,people are bothering me  #BSB
0,restless ... 
0,"ahhhh bored! it doesnt feel like summer..pens parade was neat, but we didnt get on tv.  its all good though, i saw Feury! "
0,Tonights shift is gonna be a shitty one 
0,Ooww still get traffic jam at this hour 
0,Hasn't talked to his bestfriend all day 
0,I had terrible headache last night.... and my weight decreased!! aaah 
0,Photo: If only I could ever be this skinny. Or white. Or have the money to finish my tattoos.  http://tumblr.com/xdu220oh0
0,so lonely... 
0,"@FashionGuru he's no longer humble, and it shows. hurry up! it's been a min!! i missed @ari_so_focused when she came thru last time too "
0,Night night... Hope I don't have any scary dreams like last night! 
0,"I'm in big trouble, if i fail 3 subjects i will stay down! i already failed 2!!!! "
0,I hate sleeping alone 
0,Donald Trump is now the new owner of WWE Monday Night Raw.... YEP! I think I'm gonna stop watching wrestling soon... 
0,@dr_uw awww thanks an nite i would go to bed but i cant 
4,@rustyrockets You seem to be a good mood this morning or rather were until the MP thing 
4,"@bigbelbess aha, just beat you to that, minus the ska though, may just indulge "
4,@foodieguide Okay we need to have a competition to see whether you or I have the dodgiest Cantonese. I bet I win 
4,@Davidptdf Omg David The Chat Was Amazing Last Night  I Hope To See You Very Soon ! Love and Miss You Guys  Mrs.CJBaran&lt;3
4,#cloudforce is the top trend. I am surprised. But I couldn't have loved it more! 
4,is about to what a doco with the boy on vampirism...woohoo.. 
4,Visit @blfusa 's post for this week's Prayer &amp; Praise at:  http://p-p.blfusa.org/PPNL/pp090407.htm  . . . . . .  
4,"Good lord, I still have 125 work emails to catch up on and actually read.  That'll teach _me_ to go have a vacation. "
4,"...out for a run - oh, what a perfect day for it! "
4,Early lunch today  http://twitpic.com/2yjgl
4,"@spencerpratt you happy? Now, I'm following you. Hope that helps on the pizza party. "
4,"@Vangelus mmmm Coca-Cola in a glass bottle,oh so good!! "
4,@vitaltweets free chocolate http://tinyurl.com/dym8s5 check it out and come play with us   pls rT
4,"@LilPecan I have never met such a clever guinea pig, I am so lucky to have found her ahh I mean it ;) Have a great day! "
4,"On the way to the temple, Happy Lao New Year! "
4,Is going to the zoo! 
4,starting to feel sane again after two days of laptop headaches. I still rocked it with Siren and Mosaic last night and it's sunny today. 
4,"stuffed. working out, shower,movie night, thn sleeeeeep "
4,@caitiscool catilin  is amazing 
4,"@tracysuzanne while neither confirming or denying anything, if (emphasize &quot;if&quot;) I were up to anything, its with the best of intentions "
4,@PinkBerryGirl Yeah.. my name was said. I feel like a star now. Thanks Pink 
4,"@Jessicaveronica you &amp; your sister sing AWESOME! I want the CD oh, you &amp; your sister are beautiful, too! you rock girls! god bless you! "
4,@monicachung Love your name! haha It's mine too 
4,@Winnely eepp i know DD im so HAPPY!!! yay this is fair bcuz u got the MS comment and I get the Twitter one  fair and square
4,bout to go to sleep; had a GREAT night 
4,"@xiao3yu3 and thanks to these fundies, aware will never be able to shake off all these jokes about how they were caught unawares. "
4,i think im gana go to sleep now its 5:02 am here XD and i have a very bad staph infection so i need the sleep 
4,"@msdivineknight k hun, no worries!  xx"
4,"@mohammad111 Thank you for following me, I really appreciate it! Look forward to your tweets! "
4,"@laurencog glad we got to see you, too! We have GOT to hang asap!! "
4,Onions in   http://tinyurl.com/dzt7ga
4,"Going home, showering, packing, maybe hanging out with people do a bit   then back to school :/"
4,@Rocks4Ever no sweat  i have everything theyve released and i think its gunna be their best yet  have you seen them live?
4,Happy sunny Sunday! 
4,@AntagonistHQ : Welcome 
4,is watching Accepted! quite a funny film! 
4,@WEGMusic I'd love oneee. they are my life. fan since 2006. 
4,but with facebook u can share loads more too.. myspace I see as promotional for celebs and artists more than for regular folk like me  x
4,Just survived Soarin 
4,@sharonhayes why thank you for that 
4,"@ebeeta Oh well. It was too sudden. Next time, it'll be special "
4,off to sunny Hinkley this morning.. Maybe should drop in on @Granumentally   lol
4,Going to sleep..Night!  @bethskissforyou what is Gerard's Twitter? ;)
4,@mattroweshow: you did a good job  the beer comes soon #ldow2009 #theguardian #beer
4,@sweemeng no it doesn't. Just don;t give up 
4,@munchkin078012 Good Luck 
4,Golf tourney today in baker. Wish me luck. 
4,"if you don't have an artfire account to sell your fun things, i suggest you sign up for one  http://tinyurl.com/da7f97"
4,@Snickals NO! It is giving you purple hairs. The mystery of the purple blotches is solved! You're welcome. 
4,hahaha! i love having conversations through updates. lol i'm bored right now. playing counterstrike 
4,@LightStalking I was actually thinking about the same thing. I'll be glad to brainstorm 
4,@sheluvshiphop lol ummmmm Thurs or Fri? 
4,"I mention @flyairnz in a random tweet about an old schoolfriend, and next thing I know they're following me   Hello Air NZ! hello simon!"
4,@confusciously that's what I'm hoping for 
4,Cavan gets Toby back today!!!!!!!! I misses him 
4,@Haselnuth great  and thanks
4,"Wow, at least six new followers this morning, and what's nice is that I think most of them are actual real people. "
4,Everyone's going outside...maybe I can catch a little @strangelovelive!  
4,I love rodger the fish. 
4,@Adribanana goodnight!!! 
4,Maybe it's because I keep patting him on the head saying good boy. I've worn a patch of it out doing that. 
4,@BlumdotDE You all amaze me constantly. Em graduates on the 18th of May. 
4,off to watch some frontline twitter  later.
4,WHATCING tv and on the Computer 
4,it's never a right time to say goodbyee 
4,"@MissJoJoSmith good !!, awww thats good then  glad its better !!, yh am good tar!!"
4,This is the day the Lord has made I wil rejioce and be glad in it!  Meena what are you doing here?
4,"The Way Of The FIst By Five Finger Death Punch! Really awesome album, kinda grown on me. Totally brootal!   http://twurl.nl/j0odqr"
4,@Chriscarroll50 in addition to catching up on the other stuff I've ignored for days. 
4,@Vaderboi hey...want to watch the fight live! he will definitely win! high hopes 
4,@CelebStylist thank you for the shout out! 
4,@jimmyfallon thats awesome 
4,"@Thehodge hah,I did the same thing, same with dvd -&gt; bluray "
4,@ecco5 why fight it? Do it! 
4,@mayhemstudios Let me know if it's good  We are going tomorrow 
4,@rambohellhound Thanks for insisting on that song - it's a good one! I like it; it makes me smile 
4,@WhoTheEff  Favorite one?
4,i like my twitter page background 
4,"Logies on tonight!  Channel 9, @ 7:30pm. Go Natalie Bassingthwaighte!!!  You can get the Gold!"
4,"@efan78 I'm a bit behind on my replies, thanks for the lovely write up on your #ff blog. You are officially wonderful "
4,@MoviesOnTCM How many votes does it take to this happen? I have friends who have done this(incl me) already. We are poised &amp; ready to buy 
4,@shrenikbhura You last tweeted 16 days ago! You need to tweet more often 
4,Okay it's getting cold because  of the rain   lol
4,Enjoying a quiet coffee on my favourite day of the week 
4,MCFLY 2 DAYS!!! looking foward to mini-McFly party tomorrow! and of course doing LOADS of revision. 
4,@pipermatt my mom says get off your phone 
4,@dcwventures I've been running memberships for almost 4 years. Everyone changes their CC info eventually... even I have. 
4,@tipp_princess done 
4,@Mhaey Thankyou! 
4,@brittanywhalen wow.  lol
4,you guys are going to LOVE me! DVD QUALITY of wolverine streaming online! no need to download or pay to watch  http://tinyurl.com/cp5yhr
4,@kesford KES!! let's chill when you are free of finals 
4,sketching some shiettttt 
4,@themelster and @sisterfire I'm over yall love birds... Bleh.. I'm kidding... I love yall... Just a little green and not in no eco way. 
4,"@nighttime_lies I will  awww, Ilum x3"
4,photographer�s site  http://bit.ly/uDgt7 | his/hers logo reminds me of my avatar. cool photos tough 
4,"I yelled at lord knows how many drivers for not respecting the funeral procession, and- (oy!). Prankin' from the grave- awesome. "
4,"@BoltClock Hmm, I will hear more. "
4,@Gamesbasement dear oh dear..... 
4,@omarabid I was born there 
4,Watched Australia last night and got to say bloody fantastic film with the added bonus of Hugh Jackman  definitely a got to see movie.
4,Back to work!  How you doin?
4,"@steph_rose Mornin' !  Missed dance time, so I guess I will have to dance extra hard tomorrow...  "
4,"@TheMandyMoore my name is Jason, but sunshine works too. "
4,I love you - Martina Mcbride. Love this song! 
4,Just back from graduation.  Two more doctors in the family now 
4,@jesfive SWEEEEET - San Fran is awesome!!!!  Love it there 
4,@larrioux Aha the mom super power - guilt 
4,i am talking on the phone!!!!!! to paul!!!    
4,"@JohnLloydTaylor I love mine, too . happy mother�s day to your mom , John Taylor  . much love to you, too ."
4,"@madlyv this is funny, we just discussed Bela Lugosi  over dinner, his apearance in Plan B from outer space &quot;best&quot; movie ever "
4,Just finished yet another amazing book by Susan Elizabeth Philips!!!  God I love her books so much!!! Which one to read next??? hmmm...
4,Wonderful day for my photo practicum of the Fotoschool. I wouldn't mind some typical Dutch clouds though 
4,wonder what white supremists have to say about this  I abhor racists. http://bit.ly/Rd31F
4,@LittleMissHaya awekay kewl. thanx. 
4,"home from STING..crunk (of course)..long ass day N nite..also, visited my boy Rob V..all is good..happy mother's day!!..word to yo mutha "
4,@mopedronin bullet train from tokyo    the gf and i have been visiting japan since thursday  vacation/sightseeing    gaijin godzilla  
4,"@richardescobar EA Fight night - get it man, way better than Rocky "
4,@ThuWhiteRabbitt thank u for the Happy Mothers Day!!  ima need u to stop referrin to me as iiparis tho LOL I'm susiemoneymakerrrrr.
4,is obviously not studying  http://plurk.com/p/sx724
4,Good morning loves 
4,@kissmeandcstars Happy Momma's Day 
4,"@sambennington happy mothers day, sam! can u tell elka i wish her happy mothers day too? "
4,Gonna have leftover giordanos for lunch... yum! But first... lots of pan dulce con cafe  extra yummy!!
4,@RepoMadam you! Email me a few photos of you  I need to draw to take my mind off my impending ilness
4,I had a great weekend 
4,@jennilim @chawesome yay! excited! we have a lot to catch up on. 
4,freaking tired man!! why cant i sleep?! D: well my kitty is snuggly tonight so i guess that makes up for it.. 
4,Just watched House &amp; am about to watch Last Chance Harvey. I think I need to watch something starring @stephenfry to round out the night. 
4,Aloha! Back on da rock. Can't wait to get off this plane. 
4,"Finished with my tinola and ricee  about to get in the shower tho , tootles . XO"
4,"@CivilServant Bruce Willis film, one of those real time films? Dirty Cops etc... Very good! "
4,@phillippaw welcome P 
4,"We'll go home, now. Bye. Tweet you all tomorrow! "
4,cheers for following me @ammygreen @RadivaAgashia @benheartbreaker 
4,"Found a solution -&gt; http://tinyurl.com/o3nyhc  Thank you, Ramon  http://www.ramonfincken.com"
4,@foxandfriends What symbol will he have them cover? 
4,@JoseBurch cool thx 
4,My first time here... so I'm trying to figure out if I like it 
4,@shiningCHER good morning sunshine 
4,@strategiclee I haven't forgotten. Homework assignment coming soon 
4,@16Barz @NeverHadOnelhmw @LetheinVegas @normandyguitars @radioone1392 Thanks for following me 
4,@MsChiquita23 But this is kinda good tho! More fun 
4,Hey Monday is my new 'obsession' 
4,"hopefully, mum is too lazy to cook dinner. So we can have KFC. "
4,@STEG343 I suspect that can be  
4,@ittyprecious he said hi.  He also said you're too old for twitter.  
4,JumbaFund http://bit.ly/sJueS  that's great  helping the less fortunate 
4,Morning Birthday Girl  Greetings 21 years.
4,The Drag Racing season has finally started also in Finland. Its the 1st race at Motopark raceway. 
4,Epic night  time for bed I'm pooped... Goodnight
4,"@ragingit Congrats! It's a life changing event, for the better of course!  "
4,Enjoyed last night so much  Girls aloud!
4,LOL @ntone glad I could provide some entertainment 
4,"@elegantslummer Jumeriah Beach, thats two blocks from my place  You should visit"
4,@jonnyavbegood i can tell he wants to beat me !! ahha but i'm gonna win anyway  
4,@ddubsbostongirl hey girlie! Long time no tweet! How are you? Wiping your tears from not going ok the cruise like me?  
4,Just woke up with my little sisters foot in my face. Lol. Why do toddlers sleep like that. Lol. Time to cook breakfast  http://twitter ...
4,"can't wait for this weekend!  West Virginia with Harrison, CJ, and Nichole "
4,@crystalyn49 Whew!  I worried I might have made you blow a fuse.  
4,"At the gym, so far unnoticed "
4,oh my goodness! prom has in fact lived up to the hype! class of 09 woot woot! 
4,@lVloose those shoes are wild. Thanks for thinking of me. 
4,On our way to Ghettro. 
4,Going to a pool party  fun fun!! talk to you all soon i hope. loveee yah&lt;333
4,"@Abigail_J Aaah thnx girl, you just made me smile with your lovely message "
4,A rainbow right outside my window!  http://twitpic.com/5djxz
4,"lol,true say its nearly summer and i really didnt need the extra baggage! June 20th here i come "
4,@fabiobelieveman boa noite true luv 
4,"http://twitpic.com/5etkp - Pancho, the monkey, from my trip to Honduras last month! Awww, bless him, he is well cute  I want a pet mon ..."
4,@julythirteenth LMAO!! That is by far the funniest thing I've heard all night 
4,She is roasting a got dog  haha
4,"No classes after 10:45am on Thur, Fri, Sat during Term 4 "
4,"at home in Bethel, finally. Getting a kick out of watching actual VHS cassette tapes. Happy that nephew was so excited to see me. "
4,@AliciaJacobs Hi Alicia Hope u had a gr8 wknd. Was surprised that u wasn't at TigerJam. or will we see that on the news 
4,@siffy Good night 
4,"@leticiaah Thanks!! Post some links to Gizmoz stuff you created, and we'll send you a T-shirt "
4,in my faourite car with the missing top 
4,@RKTweets thought so but had to check ;-) good to have you as a follower 
4,@ThogoriwithaT Good evening [I guess it is there] cyber friend 
4,Just need 4 more followers to hit 100. Any takers? I'm very nice 
4,There was a random kid following us at the arcade on Sat. The smile on his face when we took photos tgt surely did put a smile on me too! 
4,"First day back at the good ole B&amp;G, that place can't get rid of us no matter how hard it tries...and despite our efforts to get away "
4,"@kbash_1801 haha, it's never *really* over.  cory and i live together, so we're both always picking up guitars and singing. "
4,Just got back from an amazing weekend - ok amazing week - forgot what it was like to live with a guy you loved - nice being totally alone 
4,"going off to school now for maths exam, wish me luck please? "
4,Happy Birthday To me 
4,Good Morning Everyone   I hope you all have a wonderful beginning to your work week!  I am on my first cup of cofee already gearing up.
4,Good morning world. I hope all is well. 
4,"Not to worry, noone got that one. Next question starts in 1 minute, get your thinking caps on "
4,@georgebates Thanks! Free free to spread the word 
4,@BeachMomOf2 I'm good...........what are you upto today?   
4,"@DavidArchie WELCOME HOME, or close to home!! I've actually felt an earthquake in the Midwest, crazy! Glad everyone's OK. "
4,@Javamomma  Thank you! 
4,@lisarinna dunno... I think so 
4,@lynnhume thanks so much. I'm writing my second now 
4,@MsTeagan ...and by the way: I rewatched Sun Goddess last night. You and Sasha was amazing. I could watch that movie over and over! 
4,"@chymonzon ms.monzon, chillax lang "
4,"@glorianatheband Any chance of getting backstage passes to your show in SLC, UT? "
4,finally home. excited about the cupcakes. yeah i enjoy the simple things in life 
4,"@MadamSalami aw bless ya. im glad that bracelet was picked. its my 2nd favourite hehe  oh, and morning chicken!"
4,DepEd said they might delay the start of classes and change it to July instead....... 
4,I'm gonna go shopping today with my bestfriend  I hope I find the shoes that I want! 
4,tic toc tic toc less than an hour till I see my baby  cannnnnnn't wait!
4,@onedayinmei yes..... that sweet sweet thought!  
4,Crap day...my new &quot;Iphone&quot; is playing up already... missed my train.. Got stuck in the rain and now cracking open a bottle of Wild Turkey 
4,@WonderCaitlin  dude I just bought this to replace my dress: http://bit.ly/pAoMU
4,"I'm tired =/ Buttt to promote my twitter, I'm giving 3,000 followers a surprise Katy Perry present! Follow me and check your messages "
4,@bbillybilltweet That was brought on by your 'shoot some pedants' tweet.  I thought for a moment you said pendants. 
4,we want your cracking demo's! direct message us to find out more 
4,@mtvskimmartin aww whats wrong? hope you feel better hugs! 
4,@KankzXD Ok I shall stay 
4,Enough about you ....nowww about me 
4,Chocate milk (as Sky would say) does a body good 
4,@Young6 Drink 4 me 
4,Am I twittering or tweeting? 
4,why must The West Wing be so awesome?? I need the complete series dvd collection in my life! please! 
4,Excited because I get to go out to lunch with Ben &amp; he's also gonna bring me my glasses! 
4,@ernmander You're welcome.  It does look really pretty! I bet it's scary at night though?
4,Just met the real estate legend Dolf de Roos.......what a great guy and so generous with information 
4,Having lunch with Braydon then painting shirts with his class 
4,half term! 
4,finally has my mac back... i missed you 
4,goodnight world  i love yuu dearly
4,@zandrade24 yayyy I know zacky I can't wait 
4,@FBeitdashtoo thanks Fiona.  Happy bday a few hours early!  Have a fantastic day today!! 
4,@mafilsboss yes! Well I'm going to bed goodnight twitter world!!!  don't blow up my phone too much 
4,@glamah  ahh.. i thought it looked like pacific  northwest.  my people are from there  thanks
4,THAT Made me laugh   @ErinBlaskie  #twitter #goal #hashtags #single #tweet #Rule #hashtag #needs #exist #LOL #joke
4,New Google Analytics API now introduced into MBL's website 
4,@Chase_Fowler Me too! I think I read sometime this fall its due to release! 
4,Don't  forget to join My Cum Eaters Twibe.  It's just for cream pie eaters and cum slurpers.   via http://twib.es/7V1
4,@glointhedark90 - i tried liking this but then i realised i wasn't on facebook 
4,@ddlovatofans101 ok cool thanks 
4,"@drcdiva no, just got all the kids to sleep, playing on my phone &amp; hanging with my doggie "
4,Being sober....with a bunch of not sobers.  I have great friends
4,goin 2 bed! goodnight tweeps! 
4,"@yelyahwilliams You guys were amazing tonight in Albuquerque, NM I hope you guys can come again "
4,"@Miss_Melbourne wow, thx for the #FF, really kind "
4,I hate idiots.  Speaking the language and NOT knowing/denying your history is a disgrace.  Moving forward *with my badass* &gt;&gt;&gt;&gt;  
4,The Godfather Trilogy - Movie Review is now on #coolshite (http://bit.ly/L0DiF). Remember to comment on the blog 
4,@_shannon1234 knighty knight 
4,"@simontay78 haha, nice &amp; easy way to understand! thanks! so im not a bot!  WOO!"
4,Lee Min Ho (Boys over Flowers) kinda looked like Jerry Yan (Meteor Garden) when he had his hair straightened 
4,Mnemonic for types of competition: Cranky People Often Can't Tolerate Each (other). I'll go with the grammar goof and just remember. 
4,"OKAYY, WELL, I'M ON MY WAY "
4,@nathalia84 Goodmorning my love  xoxox
4,woke up humming &quot;i'm yours&quot; to myself... bizarre. girls day with madre 
4,Weekend's almost here. I can't wait to go swimming. Bring on the summer! (my Friday haiku) 
4,"@sociablextina Dona's at her mom's, KP/Dawn have the kitty-checkup duty - but thanks for the offer "
4,@Youngva2010 mmm . i bet 
4,@matthewmoloney It's going well. Waiting for the weekend to start 
4,"#Followfriday my beautiful, funny, smart, talented, amazing gf @Audnumber  Muah!!"
4,@Dayewalker thanks for the followfriday! 
4,Singing out loud ... 
4,@HeyPooks @hstuart3  ROLF!!!!  {sorry heather ... }  
4,@HeatherJ22 pleasure is all mine  might find this article from Her Sports helpful as well http://bit.ly/StayDriven
4,@mrs_mcsupergirl Do it!!! I'd go with you but it'd take to long to get there from NorCal. 
4,@ddlovato I LOVE YOU SO MUCH ! Please Reply Back ! I LOOOOOOOVEE YOOU Demetria Lovato ! 
4,"This is incredibly well played. Amazingly difficult to play. I know, I have tried  ? http://blip.fm/~7a3ry"
4,@xLittleMissTuki omg! i had such a good day today too! 
4,@theBrandiCyrus Different pics on Mileyonline.fr if you want 
4,@Lisa_Henry JEALOUS!! maybe i'll meet him at Bonnaroo 
4,"@MagsJoy Thank you, I look forward to tweeting! "
4,http://twitpic.com/67th2 - me with my little sister 
4,yay! @britt_white got twitter!  i love you brittany!
4,@kiaroskuro Its one hell of a workshop line up 
4,@HappyAllDays  LMAO! Totally   &quot;We have on staff Dulas and Midwives&quot;
4,@sacca it puts you ahead of David Crosby on the liver transplant list. 
4,For the folks that missed me  http://twitpic.com/684b6
4,"loves the air, the boys, and the wishes. "
4,"Just got back from Lenox Mall in ATL!!! hanging out with @teenfun101, @brittkneeg, and love my life @chelsey_taylor "
4,getting ready for my snacks 
4,Just wrapped up my last official work day before maternity leave. Wow! Celebrating with fro yo. 
4,@officialTila omg tila u look madd young in ur background pic hunnie! hope the vaca is going well 
4,Laker victory 
4,And the number one charge is: I love myself some Jesus. 
4,Woo hoo!! another Friday night at home 
4,"HAD A BLAST TODAY. i was literally kidnapped, driven around town. got to in n out. then watched UP. cutest movie everrr. now with clauds "
4, cocoa pebbles at midnight. xD
4,@lynellmarie hehe you know what i'm thinkingggg... 
4,@mnystedt @cnystedt Thanks- this is hilarious (though understandable). I don't think I've been in that area in over 10 years 
4,At Haleigh's house 
4,i'm always surprised when I get new followers lol welcome to the united states of clear!  let me do my ff# and get off for the nite... 
4,@kristennnnnnn Bahahhaha. I Love you! No-one else would be game to say that too him! 
4,@elaineewing Are they really? That's awesome. Your initials are an exclamation. 
4,Reading tweets and about to sleep 
4,came up with the greatest idea for john's birthday. staying up late for perfection 
4,just bought the domain shaneshaneshane.com 
4,@gazedd Hope you've got plenty of sun cream with you mate! Have a great day 
4,Just woke up and so damn happy that I finally can sleep untill 11am  And drink tea the next hour &lt;3
4,"@noele6277 I'll be more than happy to help!  My YT account got suspended. I already have a new one, though. Did you get my friend request?"
4,@Lovely_London  g'night
4,@RealBillBailey just watched your 5 min 'laugh a minute' interview with Matthew Stadlen for BBC - very funny 
4,"@tommcfly hey Carrie do you know, you have 3 step-sisters  me , @keren4562 and @noamcfly XD ask your mom about that LOL Xx"
4,"@kaboooom yes!!!! lol i saw a giant sticker on ebay, but it cost like $50 to australia, lol, at kinkos it should be like $10 "
4,YAY!! It's Saturday. Going to Brad &amp; Meg's for Cindy's (5/24) &amp; Zach's (6/2) birthday celebrations!! Let the Birthday Parties begin!! 
4,@kyunghan jol-ja/jor-ja or something? fffssd what does...that mean 
4,I'd almost forgotten how great it feels to cycle down a hill with the wind blowing my hair 
4,Working today  I love making $$$.
4,Now reading Neverwhere by Neil Gaiman . Just got it from Town Library. 
4,beeeach 
4,"@mariamouk no matter how far out we go with music, we all need to sing a little  http://ow.ly/a3G9"
4,good morning 
4,In a tree. Life's good up here 
4,I've got a new toy and have joined iphonedom  I love it!
4,whiskey_kitten: @speakofthedevil It's worse to hear your cat hacking up a hairball on your pillow... so enjoy the grooming 
4,going over to sharons to swim and spend the night  lets kick the summer off right. agreed?
4,will do. 
4,@ kirstiealley Good Morning to you 2 kristie.  Nice to see your in a good mood!  
4,Going to the Maker Faire today. Anyone else going there?  #makerfaire
4,@GirlSascha I like watching @souljaboytellem @seankingston when the stream live. 
4,"Ok! Gotta go take a shower now, start getting ready for the day... "
4,studying upper-limb anatomy at starbucks in preparation for next tuesday/wednesday  #fb
4,"@tobymikle Minnesota!  I used to live in Milwauke, WI, been in Vegas for 4+ years, off to Austin, TX soon.  I am over the cold up there! "
4,@Lytesdatruth  awesome
4,"Summer help - Hire a Teenager - Start your search now  babysitting, picking up, cleaning, meal prep, errands......"
4,"Had another gd day, went to the fair and thn sat in the sun in abby park, good times  laters xx"
4,@frankiedelgado happy 28th birthday hope you have a wonderful day! 
4,"@tommcfly you're lovely in bass, tom! I loved when you played tranny here in brasilia. hope dougie gets better! "
4,i read some older messages from V today and i actually cried while reading one of them. it touched me. it really did 
4,@chilvia so breakfast bury-toes? from where? o__O haha XD we shud go eat bury-toes one day... o__o yeh? 
4,"Woooo Diversity, they deserved it were actually amazing  x"
4,"@amber_benson Well, to be fair, you DO look a lot like Tara. "
4,Finally finished Excel Saga. All 26 episodes yay! 
4,"@markpajackson it happens telepathically, I can't help it. Lovely to see you and @esye "
4,@AdrianK09 I'll check out the app thanks! We just did another dual FC of one of my fab songs. It's not hard but a fun one 
4,@lid86  that's good of you... and i hope your grandma gets better. she'll probably feel better for seeing you!  
4,Just got bac from red lobster and grocery shopping with the fam. Fun fun i no. Bout to go outsidenwt my friends and start dancin lolz 
4,@barneydavey  Thanks Barney. 
4,@jordanknight Just download it...it's really nice...organised...have fun 
4,@LadyCruella sleep well you 
4,"Oh, and I really do know how to spell just.  "
4,having a craft day with the little guy today! just him and me 
4,going to see terminator 
4,Sleep - flight for NYC in the morning 
4,Jangueando en El Refugio con @lariosilmen and other friendlings. 
4,"@howeveralthough Sounds like you have the whole Auntie thing down. Aren't nieces and nephews great? Mine are fun, plus they go back home. "
4,is SO glad we proved everybody wrong. GO MAGIC!!!! we're going to the finals baby!!!!!! 
4,I can't even keep my eyes open. Goodnight  http://myloc.me/29Hu
4,is going to singapore in one day time! 
4,@AnnaC1316 Can I have some fun with you? 
4,@jordanscookie LOL..small cause I'm on my BB 
4,@JoeJonas1Fan1 wow you are posting some VERY amazing videos 
4,@battlecircus where is the snow being sent up from the arctic? can't see it 
4,spending the night regretting a spur of the moment decision made in 2001. thanks @adloro &amp; @mighty_moose ... 
4,Good Morning America 
4,"I wanna watch &quot;Up&quot;.  and when it comes out, I wanna watch Bandslam too. And Orphan. Ha! Andami. Madami pa e. Stupid 140 characters. "
4,#fuqtwitter will probably be talked about by Chelsea Handler and Joel McHale... I can't wait  #ohnotheydidnt
4,Started reading The Da Vinci Code...I'm liking it so far..Up to page 199 
4,Still on Skype. Now w/ @Daizz26 &amp; @alithered77 . We've lost all our skypetives. lol I'm a dork. Night everyone! MTV AWARDS TONIGHT. 
4,I tied for second in puerto rico with 45 pts.  Ross won with 46. Fucker 
4,@cotieno thanks hun  how're you doing today?
4,@Alyssa_Milano Congrats on the engagment hun 
4,and why do i immediately have to tinkle as soon as i walk in the door??  sorry if that is TMI 
4,"oo 99 followers, teetering on the edge of 3 digits land "
4,my photostream has been updated http://bit.ly/1s7Rd  
4,after a point of being awake there is no hope for going to sleep unless your drunk..  thanks isabelle i'd do it only for you cause i luv u
4,@unahealy LUCKY!! I have to wait until my grandparents get here to eat - we are having a BBQ 
4,@diahooha !Happy Birthday! Have a nice day 
4,"Race for Life comleted in 40 mins, fab experience but a bloody hot day! Will definitely be doing it again next year "
4,"@shojo_fanatikku Haha, finished as well? Good. Now no distractions for tomorrow. "
4,@wolfcat haha! 
4,@michaelsheen http://twitpic.com/6buf9 - awwwwww what a cute dog 
4,The Advantage of Optimism: http://bit.ly/jD4ap  Great blog @malibudude 
4,@hardiek84  please  visit http://gulpanag.net for what film is up next and much more
4,@jackgraycnn Thanks! 
4,funny morning 
4,@trevormendham @lintably I was thinking exactly the same thing 
4,"@radleybalko Hey, &quot;popularity was never his objective, and most will agree that mission was accomplished&quot; seems like good analysis.  "
4,@jason_pontin The Barnes tribute is lovely; I wanted to read it. Finding Barnes' recent work too mournful for me these days. 
4,@trohman it is  #andyhurleyday #andyhurleyday #andyhurleyday #andyhurleyday #andyhurleyday #andyhurleyday #andyhurleyday #andyhurleyday
4,@LoveDumpling they're the silver lining. 
4,@running_stitch sounds like a great adult plan 
4,@glennbeck you only live once. 
4,@eeshayy lol.. idk how it's called in english.. but i like it.. something with chicken  ilovecooking!
4,@Sapnene i did! it's a diff pic.  i had shorter hair... you don't recognize me in any of those pics? hehe...
4,@ActorCMB yay. And I'm feeling better. 
4,i have my hair in plates  havnt done that in a long time  i feel like a child  and i love it
4,@chrisluvssixxam Nah - your neighbors LOVE IT! 
4,@David_Tennant they deserve it 
4,Back from paintball and other adventurous activities. What a lovely day 
4,@ebassman Oh you can bet the Blockheads aka NK Army will stay with ya dont worry  we are here from all over the world 
4,@artfulmolly Thanks for your feedback.  This bedhead is too good to wash away.
4,Wedding Singer's  on 
4,Aw jst listened 2 Gary and Daniel jamming on quitar! There good btw! Me and alex want them 2 play pcd music instead though! 
4,@annemi leaving the country really does help. I speak from experience 
4,is recovering from burning himself to cinders today...lotion is good! 
4,Sunday ='s MOVIE DAY!!! 
4,"@tomfelton HP weekend on ABCfamily, watching you get your butt kicked by an invisible dan radcliffe outside of the shrieking shack  &lt;3"
4,What a busy day! I'm finally getting to work out. Just can't go a day without my Beachbody fix!   
4,"@BecaBear prob not much.. Check fb, OMT has changed his pic "
4,@Kera_Peach @Axelsrose Coldplay! 
4,@i_never_rhyme i had no idea what a womb broom was...had to look it up in the urban dictionary...learned something new 
4,wonderful weekend   now back to reality.
4,everyone should watch mtv hits rn. its everyone from BND. 
4,I hve an interview tomorrow at victoria secret 
4,Osgood is on a roll 
4,I love how you don't Twitter at all the past few days and when you finally do it's a response to that. You piss me off. 
4,@Late2thePartee did I miss anything? 
4,tomorrow the countdown starts!!  only 15 days left until exams!!  Whoot whoot lol  
4,I ACTUALLY GOT TAN TODAY!! YAY  Party! Text me.
4,@DGeisendorff http://twitpic.com/6e0li - He really is  You're lucky!!
4,Fluffy's fattening up nicely  even if his head is still a little bald ;p
4,"Morning world, please excuse my babble as I try and discover the profound "
4,"@duckettakarapta fightin off them bad dreams, lol. "
4,i will clean my room now. starting 9:45 am lets see how much time i need. should be done in less than 45min 
4,@KimKardashian do you watch your show when it airs or are you referring to no camera people filming you tonight? 
4,@zOuz_jb i loved it 
4,is listening to Green Day. Know your Enemy just came on V!!! 
4,listening to the Cult  I love listening to music randomly that I haven't listened to in years xD
4,"@downrighteerie Really??? Aww...yaay! Sige ma-check nga. Thanks, lo/ve! "
4,nothing  wat r yooou doin? lol
4,is going to do the grocery and then swim. 
4,@Dojie haha damn i thought u'd buy it !! 
4,http://bit.ly/12f227  he can sing 
4,@mattmbr That's all I could fit in my suitcase 
4,"goodmorning everyone, off to flippin work!!! @Elite85 its alright mooshoe i think ur day will stay positive, cheer up lady!!! "
4,"Wow, today was interesting! "
4,"go home,,, bye everyone,, good night and good day "
4,back from vacation....ready to learn more about twitter! 
4,@ArashMokhtari It is good that you haven't do that! hehehe! I still can't believe that it is the same person 
4,Thank you so much for the money Angels @annenina45 I promise to be good to them! 
4,@alliballi27 Thank You 
4,@TomFelton I always wanted to have blue eyes! Hahah. She must be really cute. Will you post a picture of her? I wanna see her. Hahah. 
4,is kinda tired of kindergarten... but they are so cute 
4,@FeliFromHell Haa okay  I thought you didn't answer  cause you didn't understand my question haha ^^
4,@TomFelton mind giving @anambanana a shoutout? He loves you so much and listens to your song everyday! 
4,@aj_wood saw them  I love all things Baby Girl! 
4,@WIGGINSCC  time can stop or slow wayyy down 
4,@corpineda yeah.. I agree.. I just woke up and late too haha cause i didnt see the sun coming in thru my window :/ hello kitty tomorrow! 
4,gettin me some lunch then laying this child down and tryin to get some cleaning done 
4,@Figliuolo  and she's bossy to boot!! 
4,@NataleeGodfrey I know!!!!! I kept saying to hubby I gotta get over there  I am really considering coming to ur open house!!
4,"@SherriEShepherd You got this!  Loved your little slip up today, btw! haha!"
4,Good times are usually fun! 
4,@santeebred only a slow day in your dept.   http://myloc.me/2ibW
4,"@EllabellCullen3 ::smiles:: Hey baby, yeah it's me "
4,@redneckmommy At least you don't have chocolate on your keyboard!! 
4,@writeinmovement I know...sorry to burst your philosophical bubble  
4,"@mvillafuerte sneaky!  yes, that's on my list too "
4,Wowww. sunshine today  tannn ..oh yeahhhh X
4,FUCKING MUSE TOUR!  
4,@jonerthon *shrugs* no clue. . .all I can speak too is what I observe. 
4,@Sula904 How does your father know this stuff? 
4,Never signed so many year books 
4,What's new in Quickr 8.2: &quot;Ability to serve up custom javascript modules. &quot; &lt;--You're welcome 
4,Time for a nice cold shower 
4,flove this song. never heard this mix.  enjoy   ♫ http://blip.fm/~7ggu5
4,@mrosenbaum711 Sounds like it was a great concert.  Glad you had so much fun.  
4,@pickassoreborn Happy Birthday dude! And night! 
4,@CasperMcFadden for some reason reading &quot;thwarty-corty&quot; made me laugh. perhaps because it was paired w/ pic of Casper 
4,2 Months  I want to be with my boyfriend.
4,@_christopher you know what's worse though? being homeless 
4,"@Woody_in_MK i want to follow you, hang on i thought i was - im checking "
4,@geekparrot Ok i guess. Hows your? Gotten use to the lack of camera on your ipod touch yet? 
4,@madlyv sounds like one powerpacked juice. I am hugging a cup of coffee mainly for the warm  A toast to WARM 
4,@KakieF You sure got my vote!!   #journchat
4,you showed me what i couldn't find when two different worlds collide 
4,"@BabyMakinMachin If it is, it is- and you'll be fine.It'll sink in- sometimes it's better not to think so much!  I hope it is+, myself! "
4,Dear Joba: Thanks for the strikes. 
4,@JBMovies and that's definitely better. 
4,"Going clubbing with my cousin!  Fuck the world, Im gonna have FUN tonightttt. "
4,* at home. chillen. its hot as hell in this house. summer 09' doin things differently! 
4,@KarinnaZ Thanks for the awesome Carl Sandburg quote. 
4,NEW TWITTER Background picture with my homie Lil Jon from the MTV weekend! Wait till I post the &quot;Signature&quot; Somaya Reece shots  SHOTS!!!
4,@catjaagnstoft I love Voldemort too! 
4,"@Monkey_Boi i had fun hanging out with you on Sunday morning, Mr. giggles   &quot;to the moon, Alice!&quot; that was you.  it was epic."
4,@topclasswoo lol . sooo silly babe . 
4,Yay art today! I love art  Nice sunny day again love it
4,@alexmillier None of your lies Mr Millier...  Hill of Grace needs something a bit fancier than my humble fare...
4,im always thankful to those who believe in my capabilities  awwww.. sorry im quite a softie at &lt;3 hehe
4,"Roasting in Somerset, "
4,"@snugglezz well there's u n ur twin, and a bro, that's all I know "
4,"@rose_janice ahaha, i love your [finally!]  "
4,"Excited for Omakase dinner! Happy birthday, sister!  Mmm.. sashimi and maki. I'm in preggers mode."
4,"late for a meeting with my lawyer, relaxed young guy who makes you believe all the terrible paper stuff  is piece of cake "
4,@PotatoPeelPie @do0dlebugdebz @KylieAAM @AnneAAM http://bit.ly/XH4k9  watch this!  nice song..
4,@hypknotoad Awwwww gorgeous cat man  dk at lvl 66 and found a wicked new guild last night - warcraft drags me back yet again lol
4,@deirdrebounds Snooze on train while it's delayed = great. 
4,Done more on it since this pic taken ... will upload a new shot soon   http://yfrog.com/5hqk4j
4,"@edhat1 @edhat1 Oi!  Cheap shot, we're all slightly talented ;) Wanna meet a digital artist @adamdorman, I have NO problem with nepotism "
4,@JoLagerlow I was only messing.. I don't have Daddy Issues. I'm one of the lucky children out of divorced families. Don't fret. 
4,"@ewantoo Lots of people read it  - And yes, sadly good enough generally beats &quot;better, but with the risk of being new&quot;"
4,"There are so many things I'm not sure of in life, but with all certainty at this very minute, all I know is that I miss him. Enjoy London "
4,Company pub lunch in the sunshine 
4,Listening to I'm Yours  About to go downstairs for a bit!
4,"ooh almost forgot, is all too happy about the new tooth filling! Been all tooth-handicapped all week. Love you Dentist Irene "
4,What a day! I'm going to bed now. Good night Twitters! See y'all tomorrow. 
4,@jodycakes can't wait! Dying to know what everybody is talking about! I feel so left out when they mention miracle whip 
4,"@TeamFordRacing pass on the coffee, still enjoyed the podcast    Might wanna change out The Biff pic for Jamie though! ;)"
4,Cool! My Business Card page shows up on page one of google under &quot;Realtor Branding in Vancouver&quot; 
4,@RE_DANGEr You having fun? Mom's gonna take us to Rita's Italian Ice sometime! 
4,New Blog about a potential cake diaster!!  Ahhhh!    www.mandicrocker.blogspot.com
4,Its my first time on twitter so im jus looking around 
4,Cow photoshoot time. My moment of front page fame  Hahaha
4,"At the pool with miranda,john,steph,troy and Demarcus "
4,making some chicken cheese spinach manicotti 
4,"hehehe...I love my RP parents, @MamaRavenclaw and @Papa_Ravenclaw. "
4,@gingy23 it was amazing. I'm bruised ahaha! I felt so gross afterwards. see you Friday 
